{
  "greet": {
    "precision": 0.875,
    "recall": 0.84,
    "f1-score": 0.8571428571428572,
    "support": 25,
    "confused_with": {
      "faq": 2,
      "out_of_scope": 1
    }
  },
  "affirm": {
    "precision": 0.0,
    "recall": 0.0,
    "f1-score": 0.0,
    "support": 6,
    "confused_with": {
      "mood_great": 3,
      "out_of_scope": 1,
      "greet": 1
    }
  },
  "faq": {
    "precision": 0.9590643274853801,
    "recall": 1.0,
    "f1-score": 0.9791044776119403,
    "support": 492,
    "confused_with": {}
  },
  "goodbye": {
    "precision": 0.7142857142857143,
    "recall": 0.45454545454545453,
    "f1-score": 0.5555555555555556,
    "support": 11,
    "confused_with": {
      "mood_great": 3,
      "mood_unhappy": 1
    }
  },
  "mood_unhappy": {
    "precision": 0.8125,
    "recall": 0.7222222222222222,
    "f1-score": 0.7647058823529411,
    "support": 18,
    "confused_with": {
      "deny": 2,
      "mood_great": 1
    }
  },
  "smalltalk_human": {
    "precision": 0.75,
    "recall": 0.9,
    "f1-score": 0.8181818181818182,
    "support": 20,
    "confused_with": {
      "out_of_scope": 1,
      "faq": 1
    }
  },
  "deny": {
    "precision": 0.5,
    "recall": 0.5714285714285714,
    "f1-score": 0.5333333333333333,
    "support": 7,
    "confused_with": {
      "smalltalk_human": 1,
      "out_of_scope": 1
    }
  },
  "mood_great": {
    "precision": 0.6,
    "recall": 0.75,
    "f1-score": 0.6666666666666665,
    "support": 16,
    "confused_with": {
      "thanks": 1,
      "out_of_scope": 1
    }
  },
  "thanks": {
    "precision": 0.8888888888888888,
    "recall": 1.0,
    "f1-score": 0.9411764705882353,
    "support": 16,
    "confused_with": {}
  },
  "out_of_scope": {
    "precision": 0.8780487804878049,
    "recall": 0.5901639344262295,
    "f1-score": 0.7058823529411764,
    "support": 61,
    "confused_with": {
      "faq": 15,
      "smalltalk_human": 5
    }
  },
  "accuracy": 0.9181547619047619,
  "macro avg": {
    "precision": 0.6977787711147788,
    "recall": 0.6828360182622477,
    "f1-score": 0.6821749414374525,
    "support": 672
  },
  "weighted avg": {
    "precision": 0.9108630800772739,
    "recall": 0.9181547619047619,
    "f1-score": 0.9105730280201934,
    "support": 672
  }
}